,song_name,lyrics
0,SICKO MODE Lyrics,"Astro|-|Sun is down, freezing cold|-|That's how we already know winter's here|-|My dawg would probably doing it for a Louis belt|-|That's just all he know he don't know nothing else|-|I tried to show him, yeah|-|I tried to show him, yeah, yeah|-|Yeah, yeah, yeah|-|Goin' on you with the pick and roll|-|Young LaFlame yeah he's in sicko mode|-|Made this here with all the ice on in the booth|-|At the gate outside, when they pull up, they get me loose|-|Yeah, Jump Out boys, that's Nike boys, hop in our coupes|-|This shit way too big,|-|when we pull up give me the loot (give me the loot!)|-|Was off the Remy, had to Papoose|-|Had to hit my old town to duck the news|-|Two-four all on lockdown, we make no moves|-|Now it's 4AM and I'm back up poppin' with the crew|-|I just landed in Chase B mixes pop like Jamba juice|-|Different colored chains, see my jeweler really selling fruits|-|And they joking, man, know the crackers wish it was a noose|-|Someone said|-|To win the retreat, we all in too deep|-|Playing for keeps, don't play us for weak (Someone said)|-|To win the retreat, we all in too deep|-|Playing for keeps, don't play us for weak|-|This shit way too formal, ya'll know I don't follow suit|-|Stacy Dash, most these of girls ain't got a clue|-|All of these hoes I made off records I produced|-|I might take all my exes and put 'em all in a group|-|Hit my eses, I need the booch|-|Bout to turn this function to Bonnaroo|-|Told her ""hop in, you coming too""|-|In the 305,|-|bitches treat me like I'm Uncle Luke (don't stop, pop that pussy)|-|Had to slop the top off, it's just a roof|-|She said ""where we going?""|-|I said ""the moon"", we ain't even make it to the room|-|She thought it was the ocean, it's just the pool|-|Now I got her open, it's just the Goose|-|Who put this shit together, I'm the glue|-|(Someone said)|-|Shorty FaceTime me out the blue|-|(Someone said) player,|-|Player for keeps, (someone said, motherfucker)|-|(Someone said)|-|don't play us for weak|-|(Yeah)|-|Astro|-|Yeah, yeah|-|Tay Keith, fuck these niggas up|-|Ay, ay|-|She's in love with who I am|-|Back in high school, I used to bust it to the dance (yeah)|-|Now I hit that epi O with duffles in my hand|-|I did half a Xan, thirteen hours til I land|-|Had me out like a light ehh|-|Like a light ehh, like a light ehh|-|Slept through the flight eh|-|Not for the night eh|-|Seven-sixty seven, man|-|This shit got double bedroom, man|-|I still got scores to settle, man|-|I crept down the block (down the block)|-|Made a right (yeah), cut the lights (yeah)|-|Pay the price (yeah)|-|Niggas think it's sweet, it's on sight (yeah), nothing nice (yeah)|-|Baguettes in my ice, Jesus Christ (yeah)|-|Checks over stripes (yeah),|-|that's what I like (yeah), that's what we like (yeah)|-|Lost my respect, you not a threat|-|When I shoot my shot, that shit wetty like I'm Sheck (bitch!)|-|See the shots that I took, wet like I'm Book|-|Wet like I'm Lizzy, I be spending finally|-|Circle blocks 'til I'm dizzy (yeah, what)|-|Like where is he, no one seen him (yeah, what)|-|I'm tryna clean 'em (yeah)|-|She's in love with who I am|-|Back in high school, I used to bust it to the dance|-|Now I hit that epi-o with duffles in my hand (whoo!)|-|I did half a Xan, thirteen hours til I land|-|Had me out like a light|-|Like a light, like a light, like a light|-|Like a light, like a light, like a light|-|Yeah, pass the dozen celly|-|He sending text ain't sendin' kites, yeah|-|He said ""keep that on lock""|-|I said ""you know this shit is tight"", yeah|-|It's absolute (yeah), I'm back rebute (it's lit!)|-|LaFerrari to Jamba juice, yeah (skrr, skrr)|-|We back on the road, they jumping off, no parachute, yeah|-|Shorty in the back,|-|she said she working on her glutes, yeah (oh my God)|-|Ain't by the book (yeah), this how it look (yeah)|-|Bout a check, just check the foot|-|Passes to my daughter, I'ma show her what it took (yeah)|-|Baby mama cover Forbes, got these other bitches shook, yeah"
1,Stargazing Lyrics,"Rollin', rollin', rollin', got me stargazin' (yeah)|-|Sippin' on purp, feelin' like the Barre Baby (it's lit)|-|Whenever I'm down, it got me goin' crazy (yah)|-|Psychedelics got me goin' crazy (alright)|-|I was always high up on the lean (yeah, yeah)|-|Then this girl came here to save my life|-|Look up to the sky, down on my knees (straight up)|-|Out of nowhere, you came here to stay the night|-|In the night-time (woo, yah)|-|Rollin', rollin', rollin', got me stargazin' (roll)|-|Psychedelics got me goin' crazy (oh, no)|-|Niggas femalin', they excellin' (yeah)|-|Are they intelli'? (what you tellin'?)|-|We propellin', up top with Ellen, uh (with the choppers)|-|Kill the jealous, with propane repellent|-|Got me goin' crazy (it's lit)|-|On tour, we'll tell 'em, we brought the section (gang)|-|They keep on callin' up, it's gettin' hectic, like we projected|-|So we cut the plug, he's interjected (got me goin' crazy)|-|Rollin', rollin', rollin', got me stargazin' (yeah)|-|Sippin' on purp, feelin' like the Barre Baby (it's lit)|-|Whenever I'm down, it got me goin' crazy (yah)|-|Psychedelics got me goin' crazy (alright)|-|I was always high up on the lean (yeah, yeah)|-|Then this girl came here to save my life|-|Look up to the sky, down on my knees (straight up)|-|Out of nowhere, you came here to stay the night|-|In the night-time (woo, yah)|-|Got me goin' crazy|-|Okay, I been up for some days, I ain't got time to lay|-|Just to drown out all these thoughts, I tried all kind of things|-|If I take you to my past you will be traumatized|-|Got a thousand kids outside that's tryna come alive|-|'99, took AstroWorld, it had to relocate|-|Told the dogs I'd bring it back, it was a seal of faith|-|Before no carnivals, baby girl, she played the tourist guide|-|Got the keys into my city, now she know the rides|-|Got new money, got new problems, got new enemies|-|When you make it to the top, it's the amenities|-|Packin' out Toyota like I'm in the lead|-|And it ain't a mosh pit if ain't no injuries|-|I got 'em stage divin' out the nose bleeds|-|And she hit that booger sugar 'til her nose bleed|-|Bounce that shit forever, she on both knees|-|She was talkin' 'bout forever got a whole week|-|But she know my baby mama is a trophy|-|She be throwin' up them B's feel like we both bleed|-|She keep my dick jumpin' up, I feel like I'm Moby|-|I'm way too gold for this beef, feel like I'm Kobe, yeah|-|This right here is astronomical|-|I see you picked up all my ways, I feel responsible|-|They tryna say that all my problems is improbable|-|They keep itchin' at my spit, I'm diabolical|-|You feel me?"
2,Watch Lyrics,"Because it's the last ride ever gonna,|-|that I'm ever gonna take at Astroworld|-|Woah, woah, yeah, yeah, yeah|-|Look at your Rollie, uh, look at my Rollie, uh|-|That's a small face, uh, this a big face, uh|-|She can't see my room, fuck her in the hallway|-|Gettin' bored with this money, count it all day|-|Yeah, they thought we were soft, boy you learned the hard way|-|Not with all the talkin', turned it to a closed case|-|Look, bullets got duller, and it's vanilla|-|All white, that Plain Jane, yeah|-|The Rolls goin' better, hundred or better|-|I took the money and flooded my bezel|-|You diamond to rock, computed the setting|-|VVS diamonds, they pop just like kettle|-|I popped a molly to get on my level|-|Rockin' that Ricky and Raf, here my sweater|-|Yeah, Patek Philippe, it cloudy like Heaven|-|Met her at 10, fucked that girl at 11|-|Fake diamonds in your Rollie, how you reckon?|-|Diamond tester, nigga, you better check it, yeah|-|Look at your Rollie, uh, look at my Rollie, uh|-|That's a small face, uh, this a big face, uh|-|She can't see my room, fuck her in the hallway (yeah)|-|Gettin' bored with this money, count it all day|-|On the south side of town gettin' me a bald fade (yeah)|-|Pass her some stuff, we can down it all, take (it's lit)|-|No can't trust her, she gon' leave us all laced (laced)|-|Bust a bankroll in the club, where's Chase? (Yeah, yeah, yeah)|-|Like woah (yeah, yeah, alright)|-|Yeah they really want my soul (yeah)|-|That can never go (straight up)|-|Angel in the snow (what?)|-|Always leave me cold (iced)|-|Leave it on the floor (what?)|-|But she's slidin' from the pole like woah (yeah, yeah, yeah)|-|Put it on speed|-|You and ivory is all I need (skrrt)|-|All agree, we gon' skip the tees, go bare like trees (trees)|-|It's stuck in heat, we go with the dawgs and then we flee|-|Way this summer goin' I might start my summer leave|-|Every young nigga get a check and get a team|-|Yeah, man's on the front line 'cause man's on his deen|-|No small faces, it's just an AP beamin'|-|Look at your Rollie, uh, look at my Rollie, uh|-|That's a small face, uh, this a big face, uh|-|She can't see my room, fuck her in the hallway (yeah)|-|Gettin' bored with this money, count it all day|-|Look at my Rollie, look at your Rollie|-|Your shit rockless, my shit hockey goalie|-|You should gon' hide it, man it's too bad|-|Like a bald nigga still wearin' du-rags, ha|-|Israeli guards, boy please be mindful|-|Don't have words with me 'cause I got a mind full|-|I could tell Larry David was the mind behind Seinfeld|-|Wanna know how I feel? Step into my minefield|-|Wanna know how pain feels? I got off my main pills|-|Bet my wifey stay close, she know I'm on my Bezos|-|Opioid addiction, pharmacy's the real trap|-|Sometimes I feel trapped, Jordan with no Phil Jack|-|One year it's Illuminati, next year it's the Sunken Place|-|They don't want me to change, nah, nigga run in place|-|I need someone else to make this drink, because|-|You don't understand the juice to vodka ratio|-|That could satisfy a real drunk, guess what?|-|Never trust a bartender that don't drink, bitch|-|We got bust down Rollies, bust down Rollies|-|And I told him I wanted to have a bust down baby"
3,Antidote Lyrics,"Don't you open up that window|-|Don't you let out that antidote|-|Poppin' pills is all we know|-|In the hills is all we know (Hollywood!)|-|Don't go through the front door (Through the back!)|-|It's lowkey at the night show|-|So don't you open up that window|-|Don't you let out that antidote|-|Party on a Sunday (That was fun!)|-|Do it all again on Monday (One more time!)|-|Spent a check on a weekend (Oh my God!)|-|I might do it all again (That's boss shit)|-|I just hit a three peat|-|Fucked three hoes I met this week (Robert Horry!)|-|I don't do no old hoes (Oh, no, no!)|-|My nigga, that's a no-no (Straight up!)|-|She just want the coco (Cocaina!)|-|I just want dinero|-|Who that at the front door?|-|If it's the feds, oh-no-no-no (Don't let 'em in, shhh)|-|Don't you open up that window|-|Don't you let out that antidote|-|Poppin' pills is all we know|-|In the hills is all we know (Hollywood!)|-|Don't go through the front door (In the back!)|-|It's lowkey at the night show|-|At the night show|-|At the night show (Higher)|-|At the night show|-|At the night show (Get lit my nigga)|-|At the night show|-|Anything can happen at the night show|-|Everything can happen at the night show|-|At the night show|-|Anything can happen at the night show|-|At the night show|-|Your bitch not at home, she at the night show|-|Fuckin' right, ho|-|Had to catch a flight for the night show|-|Let's get piped though|-|Bottles got us right though, we ain't sippin' light though|-|I ain't got no type though|-|Only got one night though, we can do it twice though|-|It's lit at the night show|-|At the night show|-|At the night show|-|At the night show|-|At the night show|-|At the night show|-|At the night show|-|Anything can happen at the night show|-|Stackin' up day to day|-|Young nigga you know you gotta go get it, go get it, my nigga|-|They hatin', they stinkin', they waitin'|-|Don't be mistaken, we dyin', they stayin'|-|Lord I'm on fire they think that I'm Satan|-|Callin' me crazy on different occasions|-|Kickin' the cameraman off of my stages|-|Cause I don't like how he snappin' my angles|-|I'm overboard and I'm over-impatient|-|Over my niggas and these kids my ages|-|Dealin' with Mo' shit that's more complicated|-|Like these two bitches that might be related|-|H-Town, you got one and you Bun B like a number one|-|It's late night, got a late show|-|If you wanna roll, I got a place where...|-|Poppin' pills is all we know|-|In the hills is all we know (Hollywood!)|-|Don't go through the front door (Through the back!)|-|It's lowkey at the night show|-|So don't you open up that window|-|Don't you let out that antidote"
4,Goosebumps Lyrics,"Yeah|-|7:30 in the night|-|Ooooh ooh|-|I get those goosebumps every time, yeah, you come around, yeah|-|You ease my mind, you make everything feel fine|-|Worry about those comments|-|I'm way too numb, yeah, it's way too dumb, yeah|-|I get those goosebumps every time, I need the Heimlich|-|Throw that to the side, yeah|-|I get those goosebumps every time, yeah, when you're not around|-|When you throw that to the side, yeah|-|I get those goosebumps every time, yeah|-|7-1-3 to the 2-8-1, yeah I'm riding|-|Why they on me? Why they on me? I'm flyin'|-|Sippin' lowkey I'm sipping lowkey in Onyx|-|Rider, rider when I'm pullin' up right beside ya|-|Popstar, lil' Mariah|-|When I text a cute game, wildness|-|Throw a stack on the Bible|-|Never Snapchat or took molly|-|She fall through plenty, her and all her ginnies|-|Yeah, we at the top floor, right there off Doheny|-|Oh no, I can't fuck with y'all|-|Yea, when I'm with my squad I cannot do no wrong|-|Yeah, saucing in the city, don't get misinformed, yea|-|They gon' pull up on you (brr, brr, brr)|-|Yeah, we gon' do some things, some things you can't relate|-|Yeah, cause we from a place, a place you cannot stay|-|Oh, you can't go, oh, I don't know|-|Oh, back the fuck up off me (brr, brr, brr)|-|I get those goosebumps every time, yeah, you come around, yeah|-|You ease my mind, you make everything feel fine|-|Worry about those comments|-|I'm way too numb, yeah, it's way too dumb, yeah|-|I get those goosebumps every time, I need the Heimlich|-|Throw that to the side, yeah|-|I get those goosebumps every time, yeah, when you're not around|-|When you throw that to the side, yeah|-|I get those goosebumps every time|-|I want to press my like, yeah, I wanna press my|-|I want a green light, I wanna be like|-|I wanna press my line, yeah|-|I want to take that ride, yeah|-|I'm gonna press my lime|-|I wanna green light, I wanna be like, I wanna press my|-|Mama, dear, spare your feelings|-|I'm reliving moments, peeling more residual|-|(I can) buy the building, burn the building, take your bitch, rebuild the building just to fuck some more|-|(I can) justify my love for you and touch the sky for God to stop, debating war|-|Put the pussy on a pedestal|-|Put the pussy on a high horse|-|That pussy to die for|-|That pussy to die for|-|Peter, piper, picked a pepper|-|So I could pick your brain and put your heart together|-|We depart the shady parts and party hard, the diamonds yours|-|The coupe forever|-|My best shots might shoot forever like (brr)|-|I get those goosebumps every time, yeah, you come around, yeah|-|You ease my mind, you make everything feel fine|-|Worry about those comments|-|I'm way too numb, yeah, it's way too dumb, yeah|-|I get those goosebumps every time, I need the Heimlich|-|Throw that to the side, yeah|-|I get those goosebumps every time, yeah, when you're not around|-|When you throw that to the side, yeah|-|I get those goosebumps every time"
5,Butterfly Effect Lyrics,"Murda on the beat so it's not nice|-|For this life, I cannot change|-|Hidden Hills, deep off in the main|-|M&M's, sweet like candy cane|-|Drop the top, pop it, let it bang (pop it, pop it)|-|For this life, I cannot change|-|Hidden Hills, deep off in the main|-|M&M's, sweet like candy cane|-|Drop the top, pop it, let it bang (pop it, pop it)|-|Drop the top, play hide and seek|-|Jump inside, jump straight to the league|-|Take a sip, feel just how I breathe|-|On freeway, but no, ain't nothin' free (straight up)|-|Bend laws, bend lanes|-|Been bustin' bills, but still ain't nothin' change|-|You in the mob soon as you rock the chain|-|She caught the waves just thumbin' through my braids (alright)|-|Heatin' up, baby, I'm just heatin' up (it's lit)|-|Need ya love, not a need it is a must|-|Fill his cup, you know how to keep me up|-|Icy love, icy like a hockey puck|-|For this life, I cannot change|-|Hidden Hills, deep off in the main|-|M&M's, sweet like candy cane|-|Drop the top, pop it, let it bang (Pop it, pop it)|-|For this life, I cannot change|-|Hidden Hills, deep off in the main|-|M&M's, sweet like candy cane|-|Drop the top, pop it, let it bang|-|All the ones, all the chains piled on the mantle|-|All the dogs, all the dogs low creep right behind me in the Phantom|-|Never go, never go dip on the set, stayed Santana|-|Yeah, run it back, turn the lights on when I hit up Green Lantern|-|Yeah, fly the broads, fly the dogs down to Atlanta|-|Yeah, in the cut in Medusa, lay low, yeah, I might be|-|Yeah, roll up, help me calm down when I'm movin' high speed|-|Yeah, If I send one, need the text back 'cause you know what I need|-|Oh, please (oh please)|-|Oh me (oh me)|-|Oh my (oh my)|-|We been movin', we been movin' for some time (Alright!)|-|Flexin', flexin' try to exercise|-|Exercise, exercise, exercise, exercise|-|For this life, I cannot change|-|Hidden Hills, deep off in the main|-|M&M's, sweet like candy cane|-|Drop the top, pop it, let it bang (pop it, pop it)|-|For this life, I cannot change|-|Hidden Hills, deep off in the main|-|M&M's, sweet like candy cane|-|Drop the top, pop it, let it bang (pop it, pop it)"
6,Skyfall Lyrics,"Ooooh, ahhhh|-|Oooh, oooh, ahhh|-|Oooh, oooh, oooh, ahh|-|I'm trapped in my conscious|-|My trap is still bunkin', look at all of these hundreds|-|Hit up the hood pharmacist, he serve all the muddy|-|He might shoot at your buddy|-|He shot at my buddy|-|The sky keep on fallin'|-|The drugs I keep callin'|-|They keep pickin' up for me|-|They love me|-|I don't wanna buy, oh no|-|It won't get me high, oh no|-|I'm trapped in my conscious|-|My trap is still bunkin', look at all of these hundreds|-|Hit up the hood pharmacist, he serve all the muddy|-|He might shoot at your buddy|-|He shot at my buddy|-|The sky keep on fallin'|-|The drugs keep on callin'|-|Yea, that's that loud shit, yeah|-|I been out on my latest trip|-|I've been drunk in my latest whip|-|So I might crash and I asked for it|-|Hit the club for the cougars|-|I never got down with the morals of Martin Luther|-|I'm just tryna ball, why these niggas want me neutered?|-|Got her down to her drawers, trynna get a little nuder|-|They just wanna hang like my nigga Mr. Cooper|-|I'm so ahead of my time, could I show up any sooner?|-|They said I fucked the roommates you know that just a rumor|-|Have you ever got stoned with your motherfuckin' jeweler|-|Scott La Flame, no Rick the Ruler|-|Yeah|-|I don't wanna buy no more|-|Your shit ain't gettin' me high no more|-|My trap is still bunky, look at all of these hundreds|-|Might jump with no bungie|-|I'm gone off that muddy|-|I'm trapped in my conscious|-|My trap is still bunky|-|Look at all of these hundreds|-|Might jump with no bungie|-|Get lost in the muddy|-|I might shoot at your buddy who shot at my buddy|-|Was it love if you love me|-|And the sky keep on callin'|-|The drugs I keep on callin'|-|They keep pickin' up for me|-|They love me|-|I don't wanna buy no more|-|Your shit ain't gettin' me high no more|-|I'm trapped in my conscious|-|My trap is still bunky|-|Look at all of these hundreds|-|Might jump with no bungie|-|I'm gone off that muddy|-|The drugs keep on callin'|-|The sky keep on fallin'|-|The drugs keep on callin'|-|The sky keep on fallin'|-|The drugs keep on callin'|-|The sky keep on fallin'|-|The drugs keep on callin'|-|The sky keep on fallin'|-|The sky keep on fallin'|-|The drugs keep on callin'|-|The sky keep on fallin'|-|The sky keep on fallin'|-|The drugs keep on callin'|-|The sky keep on fallin'|-|Look me inside of my eyes|-|All of these problems I'm tryna disguise|-|I'm it like a game that get played by a kid|-|Pussy boy I'm on your head like a wig|-|Diamonds water like I bought 'em from a squid|-|A1's what she get when she want dick|-|Black diamonds like I'm Akon kid|-|Whippin' I can turn a two to a six|-|Real talk, on Blood you dead|-|And I still want that head like a lid|-|Hit the school, make it rain on a principal|-|I will leave a nigga smokin' like an Optimo|-|All my bitches they on gringo|-|They ride with heat, ready to sting bro|-|I got 300 bitches like I'm Sosa ho|-|My jewelry shinin' like some Mop & Glo|-|Inside her pants is a camel toe|-|I swear I fell in love with all those|-|I don't wanna buy no more|-|Your shit ain't gettin' me high no more|-|My trap is still bunky, look at all of these hundreds|-|Might jump with no bungie|-|I'm gone off that muddy|-|I'm trapped in my conscious|-|My trap is still bunky|-|Look at all of these hundreds|-|Might jump with no bungie|-|Get lost in the muddy|-|I might shoot at your buddy who shot at my buddy|-|Was it love if you love me|-|And the sky keep on callin'|-|The drugs I keep on callin'|-|They keep pickin' up for me|-|They love me|-|I don't wanna buy no more|-|Your shit ain't gettin' me high no more|-|I'm trapped in my conscious|-|My trap is still bunky|-|Look at all of these hundreds|-|Might jump with no bungie|-|I'm gone off that muddy|-|The drugs keep on callin'|-|The sky keep on fallin'|-|Metro Boomin' want some more nigga"
7,Beibs In The Trap Lyrics,"I just poured a 8 in a liter|-|Throw some jolly ranchers in make it sweeter|-|Versace my clothes I'm with a white ho|-|And she snortin' three lines like Adidas|-|Got a black girl rolling off molly|-|Got a white bitch snorting up snow|-|Say she want real niggas in the party|-|Parents gon' leave the keys to the condo|-|Bitch close the door, there's shit on your nose (that coca)|-|She said she want more|-|She said she want more|-|So I'mma get more|-|Yeah I'mma get more|-|Bitch close the door, the shit on your nose|-|She said she want more|-|She said she want more|-|So I'mma get more|-|Yeah I'mma get more|-|I just poured a 8 in a liter|-|Got a white bitch sniffin' on Bieber|-|Are you sure you want to party with the demons|-|Bitch, looking for a phone I ain't seen it|-|Told Frost bring the water no Fiji|-|Free Stix I'm poured up and I'm leanin'|-|I got a couple pussy niggas in their feelings|-|Cause their main bitch wanna come see me|-|She said she want more|-|Your girl is a hoe, you need to let go|-|She fucks on my bros, she's snorting the snow|-|Now she's touching her toes|-|She got Anna Nicole all on her nose|-|Kick down the door she gon' get locked for sure|-|She said she want more|-|Fuck it I'mma get more|-|Amen, high life, sleepy, night night|-|Flashes spotlight, pull up, night sky|-|Peace peace, peaced it|-|Grind me grind me, strike me, indict|-|Indict me, snipe me, swipe it, drop it, trap it (yeah yeah)|-|I'm lit, lightning, white bitch, she thick|-|Pulled out in the hood Toyota|-|Drove back to the hood Lambo|-|Crushes xans in my soda|-|Riding around the city with my eyes closed|-|Crazy girls got it poppin', AOD got it poppin'|-|Tryna' text my accountant|-|Ain't no service in the mountains (straight up!)|-|Won't you come to the bottom (yeah)|-|Know you heard a lot about 'em|-|Heard they take that then they change like a mood ring|-|I watched them take that then they change like a mood ring|-|Pulled out in the hood Toyota|-|Drove back to the hood Lambo|-|Crushed xans, crushed xans in my soda|-|Riding around the city with my eyes closed|-|I just poured a 8th in a liter|-|Throw some jolly ranchers in make it sweeter|-|Versace my clothes I'm with a white ho|-|And she snortin' three lines like Adidas|-|Got a black girl rolling off molly|-|Got a White chick rollin' on snow|-|Say she want real niggas in the party|-|Parents gonna leave the keys to the condo|-|Bitch close the door, the shit on her nose (that coca)|-|She said she want more|-|She said she want more|-|So I'mma get more|-|Yeah I'mma get more|-|Close the door, the shit on her nose|-|She said she want more|-|She said she want more|-|So I'mma get more|-|Yeah I'mma get more|-|Ooo"
8,A Man Lyrics,"Yeah, like|-|You act like|-|Only dirty South gonna fuck with this|-|You hear this shit boy?|-|Fucking up these stages|-|Fucking a girl up and you know how I rap|-|Throw this shit up, nigga|-|People tryna say I'm only into me|-|Got a code with my dawgs, can't get in between|-|I can't give them life, no more energy|-|Man, man, a man|-|Spent 'bout sixty on the time, I can't even lie|-|No way in, no way out, this shit do or die|-|So I roll, when I roll, must be suicide|-|A man, man, man (yeah!)|-|I can't rock Benz, I don't do peace (yeah!)|-|I'll beast, I'll beast, I gotta eat (it's lit!)|-|Sabertooth tiger, diamond two-teeth (straight up!)|-|Rocking right now won't you come peek (alright!)|-|P was outside, P was outside (P!)|-|The way that ass shake, leave your mouth wide|-|You need to say grace 'fore you say thanks (yeah!)|-|A man, man, man (yeah!)|-|What's left in my life? Don't know what's in store|-|I've been dealing with these blessings that I can't ignore (can't ignore!)|-|Putting up the numbers, we ain't keeping score|-|Man, man, a man|-|I get on the block with it on my side ho|-|Running in the house 'fore it's twelve o'clock (yeah!)|-|Yeah the hood love me but you gotta watch|-|Man, man, a man (yeah!)|-|I just popped three I don't do sleep, yeah|-|Tryna shoot a scene, make a movie (straight up!)|-|We 'gone fall thru, coming thru deep (it's lit!)|-|Man, man, a man (yeah!)|-|Packed up from the South, moved into the West|-|Iced out logo on the cross, threw it on my neck, yeah|-|When I rep the set, gotta stay blessed, yeah|-|Man, man, a man|-|People tryna say I'm only into me|-|Gotta code with my dawgs, can't get in between|-|I can't give them life, no more energy|-|Man, man, a man|-|Man, fuck what it meant to me|-|Everyone tryna take the identity|-|Everyone around me turned to a fr-enemy|-|Sit back while I sip on the remedy|-|I cannot let it get into me|-|It's playing a toll on me, mentally"
9,The Ends Lyrics,"2AM howlin' outside|-|Lookin' but I cannot find|-|Don't you fall asleep this time|-|I been on a long way drive|-|Only you can stand my mind|-|Only you can fix inside|-|So if I make it out tonight|-|Let's make it a badass time|-|Okay, I got it, copy|-|20/20, but I can't see nobody|-|One eye open, Illuminati|-|This might be the verse that make 'em drop me|-|Ain't makin' friends, we just makin' hobbies|-|No that wasn't my girl, that was just a hobby|-|Call up 50, tell 'em load up the lobby|-|Elevator up, no need to find me|-|Yeah, yeah|-|X-ray vision, see through you niggas|-|Newspaper stand, we press the issue|-|We ain't sendin' shots, we launchin' missiles|-|Right up at your hood and load|-|Checkin' Third Ward, I'm goin' mental|-|Fuckin' up my room, I've been rackin' up incidentals|-|Cookin' on a tune, I been cheffin' up instrumentals|-|Nothin' else to do when you're ridin' in the|-|When you ridin' in the, in the back of the back seat|-|Driver run the miles up like I'm runnin' a track meet|-|Gotta watch my back now, cause these niggas at me|-|All black in a Benz when I pull up on you|-|They don't want to see me in the ends, in the ends|-|Let me catch you creeping here past 10, in the ends|-|From the tribe called check-a-hoe like Indian|-|Oh yeah, oh yeah, oh yeah|-|Today I'mma take a cheque and cancel left|-|I guess it's all survival but please be careful|-|I gave up on the Bible long time ago|-|I hope it ain't give up on me, I don't know|-|I came up in the town, they were murderin' kids|-|And dumped them in the creek up from where I live|-|Bodies, bodies, bodies sprinkled around|-|We runnin' through the sprinkler lookin' around|-|Killer would show up with boxes of pizza|-|And said he had a label recruitin' people|-|Put that on my grandma and everythin'|-|My homie said he told 'em his name was Wayne|-|It could've been me or could've been you too|-|What a memory in me, needing to lose|-|What's gon' patch up my intertube|-|So I could pop a wheelie and walk it too|-|Oh yeah, La Flame with the nappy fro now|-|In the ends, I'mma kick your door down|-|Oh yeah, we keep wildin' out the Mo' now|-|Oh yeah, keep that 300 zero when I pull up on ya"
10,Pick Up The Phone Lyrics,"Yaaah, oh yaaah|-|Ooooh, Thugger|-|Yeah, Travis Scott|-|Thugger, Thugger baby|-|Yaah|-|I pour a four up|-|I call your hoe up|-|Just to fuck her and show her|-|I just went, got my dough up|-|Pullin' off and I'm gone!|-|Then I go and pour four up|-|Then I roll up that roll up|-|Then I'm callin' your hoe up|-|(Like Brrrrr)|-|Pick up the phone, baby (Like brrrrr)|-|I know you're home, baby (It's lit!)|-|I'm in the zone, baby (Straight up!)|-|I just poured up a four baby (Yeah, yeah)|-|Never will I cheat on you|-|Never will I commit treason|-|Blowin' a bag on you|-|Do all of that for no reason|-|I'ma pull up and murk too|-|Hittin' the block and I'm bleedin'|-|Throwing that Rollie on you|-|I like the way it be freezin'|-|(Brrrrr)|-|Pick up the phone, baby (Like brrrrr)|-|I know you're home, baby (It's lit!)|-|I'm in the zone, baby (Straight up!)|-|I just poured up a four baby (Yeah, yeah)|-|Pour up a four of that Actavis|-|Lean like my mothafuckin' granny did|-|Super Bowl ring with big body Benz|-|I stack it up now I'm just better livin'|-|Got screws in my mouth, I'm just preppin' it|-|I'm fucking this cash up, I'm not celibate|-|I'm packin' it up like a reverend|-|I need all this cash, I got hella kids|-|I'ma play dumb and get left in the middle|-|Back the fuck up, you too little|-|Hit 'em with three like I'm Miller|-|I don't talk to no man in the middle|-|I don't talk to no man, I'm just kiddin'|-|But I did pay my sister's tuition|-|I feel lucky, I should play the lottery|-|Walkin' off with it like Sonny Liston|-|Mama told me I'm her brightest star|-|Mama told me don't hate on the law|-|Because everybody got a job|-|Because everybody wanna be a star (real shit, real shit)|-|Please believe every motherfucker around here wan' be a part|-|She gon' do anything in her power to be with ya' boy|-|(Brrrrr)|-|Pick up the phone, baby (Like brrrrr)|-|I know you're home, baby (It's lit!)|-|I'm in the zone, baby (Straight up!)|-|I just poured up a four, baby (Yeah, yeah)|-|Never will l cheat on you|-|Never will I commit treason|-|Blowin' a bag on you|-|Do all of that for no reason|-|I'ma pull up and murk too|-|Hittin' the block and I'm bleedin'|-|Throwin' that Rollie on you|-|I like the way you be freezin'|-|Pick up the phone|-|Macaulay Culkin' baby, Home Alone|-|I thought I was right|-|Then I had to man up, I was wrong|-|I hate when we fight|-|She in love with the pipe|-|I draped her up in ice, I pour my four on ice|-|Birds in the trap sing Brian McKnight|-|Percocet and Codeine please don't take my life|-|She had a dream with Celine|-|So I bought it twice|-|Young nigga make it right back tonight|-|Girl you're so cute and your ass is nice|-|Drinkin' on four and I'm shootin' dice|-|Wrist polar bear, Klondike|-|And I'm loving all races, hell nah don't discriminize|-|Drinkin' on clean, sanitize|-|Ostritch seats with the frog eyes|-|If I ever call your phone baby|-|Best believe it's only one time|-|(Brrrrrr)|-|Pick up the phone, baby (Like brrrrr)|-|I know you're home, baby (It's lit!)|-|I'm in the zone, baby (Straight up!)|-|I just poured up a four baby (Yeah, yeah)|-|Never will l cheat on you|-|Never will I commit treason|-|Blowin' a bag on you|-|Do all of that for no reason|-|I'ma pull up and murk too|-|Hittin' the block and I'm bleedin'|-|Throwin' that Rollie on you|-|I like the way you be freezin'|-|Pick up the phone (Pick up the phone)|-|I'm in the zone, pick up the phone, baby|-|I'm in the zone"
11,Green And Purple Lyrics,"What, what, what, what, what, what, what, what, what, what, huh|-|Lil' mama, she loyal, lil mama a star|-|Lil' mama, she give no fucks|-|Bite, this a steak|-|She a psychic, she exciting (alright)|-|High bike it, appetite it|-|Help her tie this, help her ride this|-|Help her leave, help her psychic|-|Help her drown it, help her write it (straight up!)|-|Help her leave, help her deep|-|Couple G's, couple keys|-|100 G's, I got her on smash|-|She let it go fast|-|Don't know what to do with all this cash, yeah|-|Yeah, Green & Purple, got me going in circles|-|Yeah, it's after curfew, she just left the work, hmm (straight up!)|-|Yeah, it's controversial, how we make the world move|-|Yeah, you said I heard you, don't think I overheard you|-|Don't think I overheard|-|Don't think I overheard|-|Yeah, yeah|-|Bad line me, remain lowkey|-|Yeah, fuck on me, yeah, silently|-|Yeah, Jacques don't eat, no, Jacques don't speak|-|Yeah, ride lonely, yeah, driving with no keys|-|I can go do 'bout a hundred of these|-|All my fruits bloody like Applebees|-|Cannot be tamed, yeah, I had to go|-|Call me up Semi right up the road|-|I been up leanin' for nine days|-|I ain't been sleepin' like five days|-|Night in the Seattle, it's cold as hell|-|You want us to win, I can never tell|-|In the inside, I dropped this|-|Look at the sky for ideas|-|Astroworld time, it's timeless|-|In the back of my mind, it's reminds us|-|They don't want time, I'm beastin'|-|Hit him with time for like me|-|Off the lean hooked up to IV|-|Yeah, open up the doors, ho, let 'em swang|-|Link up like the Rose Gold on the chain|-|Yeah, hypnotic intonic off of everything|-|Circles round your bitch, circles round your gang|-|Yeah, kick it like Cobain|-|Yeah, Green & Purple, got me going in circles|-|Yeah, it's after curfew, she just left the work, hmm|-|Yeah, it's controversial, how we make the world move|-|Yeah, you said I heard you, don't think I overheard you|-|Don't think I overheard|-|Don't think I overheard|-|How you pull up on that bitch?|-|We get the guap and we kick it|-|Shawty gon suck like a tick|-|Diamond they look like it's dancin'|-|I pour the lean in a mist|-|I cannot handle no shit|-|Shawty just handle this shit|-|I pop the perc and I kick|-|We get the guap and we kick it|-|I get the guap and I split (split)|-|Split the whole thing with my clique|-|VVS diamond on my wrist|-|My diamond not Tiffany bitch|-|All in no light and then hit|-|All of these bitches we hit|-|Fuckin' that bitch|-|Shawty bitch look like a bitch|-|Ooh, hittin' that shit|-|Forty clip came wit' the stick|-|Yeah, rockin' the shows|-|Got em like whoa|-|Fuckin' these hoes|-|Dodgin' them hoes|-|Keepin' the pole|-|Got her on go|-|You know how it go|-|Got her on road|-|In love with my roll|-|Count up bankroll|-|Ain't lovin' them hoes|-|That's when I roll|-|Yeah, Green & Purple, got me going in circles|-|Yeah, it's after curfew, she just left the work, hm|-|Yeah, it's controversial, how we make the world move|-|Yeah, you said I heard you, don't think I overheard you|-|Don't think I overheard|-|Don't think I overheard"
12,Uber Everywhere (Remix) Lyrics,"You think I should do this and drop this shit like tomorrow?|-|Yea, yea, yeaaa, yee, alright!|-|Alright!|-|Okay, it's late yeah|-|Uber to your crib I can not wait yeah (It's lit!)|-|I've been moving at a race (Straight up!)|-|Tell me what we going through is a phase|-|Shit I can't escape|-|All this shit I can't evade|-|Niggas wanna hate, yea they do that by the day (Yeah, yeah!)|-|On these skates, I've been moving state to state|-|Fuck that lobster and that steak|-|I got mo' shit on my plate|-|Rolling in my Uber, that's just how I use my time|-|Blowing on that Backwood, that's just how I use my mind|-|Looking out the window, hoping it all would be fine|-|Pay no mind, they don't pay no mind, yeah yeah yeah|-|Magic City they shaking that ass, yeah yeah yeah|-|Diamonds of Atlanta they be bad, yeah yeah yeah|-|When we hit V Live I got that bag (Straight up!)|-|Pick your DJ and we got that bitch on smash, yeah yeah yeah|-|Play that shit that make 'em dance|-|After call me when you done counting them bands, yeah yeah yeah (Yeah!)|-|Please don't let it get late (Yeah, yeah!)|-|I'ma Uber to your crib I can not wait (It's lit!)|-|I've been moving at my pace|-|Tell me what we going through is just a phase, yeah yeah yeah (Straight up!)|-|North side coolin' shawty yea that is where i stay|-|Heard you was a lame boy get up out my face|-|And my ex keep calling swear that she be in the way|-|And I need a thick red bone shawty where I lay|-|Bad bih' in LA tell me that she'll make the trip|-|Shawty bad as hell yea with them Kylie Jenner lips|-|Uber every-fucking-where pre rolls in my VIP|-|Canada jawn yeah I think that bitch from the 6|-|Shawty wanna kiss me but I know she sucking dick|-|Shawty wanna kiss me but I know she sucking dick|-|Look Uber everywhere pre rolls in the VIP|-|Yea Uber everywhere pre rolls in my VIP|-|Aye (Skrr! skrr!)"
13,Reflex Lyrics,"This is Jack Burton in the Porkchop Express and I'm talkin' to whoever's listenin' out there|-|Like I told my last wife|-|I says: ""Honey, I never drive faster than I can see, besides that, it's all in the reflexes""|-|Off the reflex, off the reflex|-|Off the reflex, off the reflex|-|Had to pop another xan just to reset|-|Just to reset, just to reset|-|Won't you flex that ass again|-|Off a reflex, off the reflex|-|Off the reflex|-|Had to pop another xan just to reset|-|Just to reset, just to reset|-|Yeah, yeah, yeah, yeah, yeah|-|Yeah, yeah, yeah, yeah, yeah|-|Yeah, yeah, yeah, yeah, yeah|-|Yeah, yeah, yeah, yeah, yeah|-|Yeah, yeah, yeah, yeah|-|Off a reflex (yeah), off a reflex (yeah), off a reflex|-|I've been blowing through these bands, I'm in a deep check|-|All these bitches in my room, I feel like Keith Sweat (oeh)|-|We been going too in, I think I needs rest|-|When you leave, I think about it, damn, I need it|-|Johnny Cochran on these hoes the way I beat it|-|You may be weak, but don't mistake it for my weakness|-|I've been out here, I've been out here with your deepest|-|Automatic, going in, I'm going T-Rex|-|VVS's turn the T-shirt to a V-neck (straight up)|-|Gon' create and spend that money we ain't seen yet|-|All my niggas out and they 'gone make it|-|Off the reflex, off the reflex, off the reflex|-|Had to pop another xan, just to reset|-|Just to reset, just to reset|-|Won't you flex that ass again|-|Off the reflex, off the reflex, off the reflex|-|Popped another xanny just to reset, just to reset|-|(Turn my vocal up, yeah)|-|Off the reflex, off the reflex, off the reflex|-|Had to pop another xan just to reset|-|Just to reset, just to reset|-|Won't you flex that ass again|-|Off a reflex, off the reflex, off the reflex|-|Had to pop another xan just to reset|-|Just to reset, just to reset|-|Yeah, yeah, yeah, yeah, yeah|-|Yeah, yeah, yeah, yeah, yeah|-|Yeah, yeah, yeah, yeah, yeah|-|Yeah, yeah, yeah, yeah, yeah|-|Yeah, yeah, yeah, yeah"
14,Wonderful Lyrics,"Yeah, yeah|-|Oh my, oh my, what a wonderful time|-|Been a minute since I pulled up outside|-|Shut it down, yeah, we do that everytime|-|Oh-wee got a feeling you might, yeah|-|Work it like a stripper, yeah|-|But you not a stripper, yeah|-|Dog her down with ya, yeah|-|Work that nine to five with ya, yeah|-|After smoke a pound with ya|-|Oh my, on a vibe, what a wonderful time|-|Hundred deep all my niggas outside|-|Valet park when I pull up in the ride|-|Oh it's late you might have to spend the night, yeah|-|Oh, I love my city late at night, yeah|-|Oh, I love my bitches when they bite, yeah|-|Oh, let's call some up and let's get right, yeah|-|Ohhh (yeah)|-|We just landed in your city, go time|-|Driving to the venue, like we're seeing no signs|-|She got all the passes, she don't ever do lines|-|Bustin' like she's single, she ain't wasting no time|-|You cannot record, that's for the show now|-|Leave your phone, you get that later on now|-|Pour that special drink that's for my throat now|-|And take a sip|-|Oh my, oh my, what a wonderful time|-|Been a minute since I pulled up outside|-|Shut it down, yeah, we do that everytime|-|Oh-wee got a feeling you might, yeah|-|Work it like a stripper, yeah|-|But you not a stripper, yeah|-|Dog her down with ya, yeah|-|Work that nine to five with ya, yeah|-|After smoke a pound with ya|-|Oh me, oh my|-|Why they wonderin' who the kid sleeping side?|-|I been up sleepless late nights|-|Override yeah, overdrive yeah|-|(Oh) Bag it, bag it up, just bag it up|-|Yeah, we gon' try this one more again|-|I been mobbin' edge|-|Scoping through the lens|-|These thoughts is on my mind|-|Got me on the drive|-|Got me on the ride|-|To a wonderful time|-|Oh my, oh my, what a wonderful time|-|Been a minute since I pulled up outside|-|Shut it down, yeah, we do that everytime|-|Oh-wee got a feeling you might, yeah|-|Oh my, what a wonderful time|-|Been a minute since I pulled up outside|-|Shut it down, yeah, we do that everytime|-|Oh-wee got a feeling you might, yeah|-|Work it like a stripper, yeah|-|But you not a stripper, yeah|-|Dog her down with ya, yeah|-|Work that nine to five with ya, yeah|-|After smoke a pound with ya, oh"
15,Coordinate Lyrics,"Hey Travis Scott, h-h-hey Trav|-|You on the fuck up, nigga|-|Know what I'm talkin' bout?|-|Nigga, one thing for sure|-|Two things for certain, nigga|-|We gon' keep drinking this motherfucking lean, nigga|-|And wearin' these motherfuckin' rockstar jeans, nigga|-|They want what a nigga can't stand|-|I don't know what they can't stand|-|I know why they mad, nigga|-|Know what I'm talkin' 'bout|-|But we don't give a fuck|-|We gon' keep this big ass mac 11 on deck|-|If any fuck nigga get out of line|-|If any fuck nigga want do somethin' nigga we can do it nigga|-|Know what I'm talkin' 'bout|-|Coordinate the tan with the beans in my Rockstar skinnies|-|I'mma need some more, need some more, if I really wanna feel it|-|Yah, yah, yah, yah, yah|-|Spend that money fast if I have to|-|Make that money back if I had you|-|Coordinate the tan with the beans in my Rockstar skinnies (Straight up!)|-|Coordinate the xan with the lean in my Rockstar skinnies (Yeah, yeah)|-|Coordinate the tan with the beans in my Rockstar skinnies (Yeah, yeah)|-|Yah, yah, yah, yah, yah|-|Highway, dip in traffic|-|2 gears, automatic|-|Leave the strip club tragic|-|2 broads going at it (It's lit!)|-|Me and Jacques going brazy|-|Me and Chase going brazy (Straight up!)|-|Smashin' off your old lady (Yeah!)|-|Everythin' goin' crazy (Yeah!)|-|Coordinate the tan in the beans in my Rockstar skinnies (It's lit!)|-|Pour a little more if you really wanna feel it (Straight up!)|-|Foreign little broad and I really wanna hit it|-|I'mma take her to the bird|-|Coordinate the tan with the beans in my Rockstar skinnies|-|I'mma need some more, need some more if I really wanna feel it|-|Yah, yah, yah, yah, yah|-|Spend that money fast if I have to (Yeah!)|-|Make that money back if I had you (It's lit!)|-|Coordinate the tan with the beans in my Rockstar skinnies (Straight up!)|-|Coordinate the xan with the lean in my Rockstar skinnies (Straight up!)|-|Coordinate the tan with the beans in my Rockstar skinnies, yeah (Yeah, yeah yeah, yeah yeah, yeah yeah)|-|Yah, yah, yah, yah, yah|-|Ain't nobody outchea goin' hard for ya|-|Outchea goin' hard for ya|-|You've been workin' out, you're goin' hard for ya|-|You've been goin' hard for ya|-|You might fear my ideas|-|When it's time to pop pills and pop seals (It's lit!)|-|When I run a fire drill, you're right here|-|Everytime we drop by, we drop chills (Straight up!)|-|Tryna tell ya|-|Ain't nobody outchea goin' hard for ya (Yeah, yeah)|-|Outchea goin' hard for ya (Yeah, yeah)|-|You've been workin' out, you're goin' hard for ya (Yeah, yeah)|-|You've been goin' hard for ya (Yeah, yeah)|-|Coordinate the tan with the beans in my Rockstar skinnies|-|I'mma need some more, need some more if I really wanna feel it|-|Yah, yah, yah, yah, yah|-|Spend that money fast if I have to|-|Make that money back if I had you|-|Coordinate the tan with the beans in my Rockstar skinnies|-|Yah, yah, yah, yah, yah"
16,Dinosaurus Lyrics,"Pop the codeine and pour the porridge|-|Got some shorties to pull up on us|-|To walk my orbit and fuck my homies|-|It's quite enormous, my dinosaurus|-|You're my tourist, come be my tourist|-|I bought vatore, bought my wrist some more wrist|-|12 at the door, flush it down the toilet|-|With dem boys, whippin' it enormous|-|My dick enormous|-|Fightin' the mood|-|Breakin' the rules, howl at the moon|-|Yellin' my blues, wanna hit snooze|-|Chase it with booze|-|I'm out in the noon, she out in the nude|-|Fightin' the fumes, it's hotter than June|-|I'm under the moon|-|Followin' you|-|I'm out of my head, I'm out on the road|-|It's nowhere to go, I gave you my soul|-|Am I right, am I wrong?|-|Tryna get home|-|The love, I'm up in the hill|-|My high's as low as a hill|-|High's as low as a hill|-|Pop the codeine and pour the porridge|-|Got some shorties to pull up on us|-|To walk my orbit and fuck my homies|-|It's quite enormous, my dinosaurus|-|You're my tourist, come be my tourist|-|I bought vatore, bought my wrist some more wrist|-|12 at the door, flush it down the toilet|-|With dem boys, whippin' it enormous|-|My dick enormous|-|I'm in them ovaries, I'm in them ovaries|-|I don't know these niggas, ridin' with them motorists|-|Fallin' on some diamond bourse and now we all rich|-|Hidin' Now it's a party, yeah it's a garden, let's get it started|-|I forgot it, she pass a molly, tweak off a molly|-|Pop a Xan and tie the red up|-|Don't hold her panty and hope for ransom|-|Goddamn for answer, pop on a lancer|-|Pop the codeine and pour the porridge|-|Got some shorties to pull up on us|-|To walk my orbit and fuck my homies|-|It's quite enormous, my dinosaurus|-|You're my tourist, come be my tourist|-|I bought vatore, bought my wrist some more wrist|-|12 at the door, flush it down the toilet|-|With dem boys, whippin' it enormous|-|My dick enormous|-|All these hoes, all these hoes|-|Pop the codeine and pour the porridge|-|Got some shorties to pull up on us|-|To walk my orbit and fuck my homies|-|It's quite enormous, my dinosaurus|-|You're my tourist, come be my tourist|-|I bought vatore, bought my wrist some more wrist|-|12 at the door, flush it down the toilet|-|With dem boys, whippin' it enormous|-|My dick enormous"
17,Money Power Respect Lyrics,"It's lit|-|Money, power, respect, eatin' breakfast on a jet (yeah)|-|We got cash to get, carats hangin' from my neck (it's lit)|-|Money, power, respect, quit the talkin', cut the check|-|Every time they see us flex, they get so upset, yeah (straight up!)|-|Money, power, respect, eatin' breakfast on a jet (yeah)|-|We got cash to get, carats hangin' from my neck (yeah)|-|Money, power, respect, quit the talkin', cut the check|-|Every time they see us flex, they be so upset (yeah)|-|Thousand dollars on me, I've been going all week|-|Diamonds, all my drugs, nigga, I can't get no sleep|-|I just want some love, I've been going way too deep|-|Falling on my mouth, bank can't give me no more weight|-|Top play, aye they haters, young nigga tryna say shit|-|Big dog conversation, big ice revelation|-|Rolex rollin' on my piece, I been going fine on all week|-|Yeah, designer on my feet, I fuck around and smash your niece|-|Man, they hate, why they can't relate, yeah|-|Light skin niggas, they just stand and pay, hide away, yeah|-|I've been going ways yeah|-|Every time, even family time, It take no place, yeah|-|Money, power, respect, eatin' breakfast on a jet (yeah)|-|We got cash to get, carats hangin' from my neck (it's lit)|-|Money, power, respect, quit the talkin', cut the check|-|Every time they see us flex, they get so upset, yeah (straight up!)|-|Money, power, respect, eatin' breakfast on a jet (yeah)|-|We got cash to get, carats hangin' from my neck (yeah)|-|Money, power, respect, quit the talkin', cut the check|-|Every time they see us flex, they be so upset (yeah)|-|[Break]|-|Money, power, respect, eatin' breakfast on a jet (yeah)|-|We got cash to get, carats hangin' from my neck (it's lit)|-|Money, power, respect, quit the talkin', cut the check|-|Every time they see us flex, they get so upset, yeah (straight up!)|-|Money, power, respect, eatin' breakfast on a jet (yeah)|-|We got cash to get, carats hangin' from my neck (yeah)|-|Money, power, respect, quit the talkin', cut the check|-|Every time they see us flex, they be so upset (yeah)"
18,Sweet Sweet Lyrics,"Cause you're sweet|-|Sak pase?, Wah yah seh?|-|Runnin up, all this cake|-|Bag it up, then come right away|-|Cause you're sweet, what's your status?|-|Might hit your address, if I'm on a mattress|-|Jet right to you, I can't do no traffic (skrrt, skrrt)|-|I can't do no lacking (skrrt, skrrt)|-|Cause you're sweet like cocoa|-|But all you wanna do is the coco|-|Hangin' out with you is a no go|-|Yeah, yeah, straight up|-|Cause you're sweet (sweet, sweet) like cocoa|-|But all you wanna do is the coco (sweet, sweet)|-|Hangin' out with you is a no go (sweet, sweet, sweet)|-|Cause you're sweet|-|Like my time, like my jokes (sweet)|-|We been down since in the basement with the most (sweet, yah)|-|Shout my town, shout my troops|-|Shout my jeweler, made my chain look like Fruit Loops (yeah, it's lit!)|-|Come get a taste, come get a scoop|-|I done made it out the hood through all the hoops (hula hoops)|-|I done finally found a way to make the loot|-|Link up all my niggas and my jewelers|-|Link up, link up, pour my syrup|-|Bad bitch, yeah they link up|-|Go bezerk, go do some shit you think of (yah, yah)|-|Link, link, link, artists link, link, link|-|Leave my link, link, links|-|Smoke all my shit, time to start again (yah)|-|Cause you're sweet like cocoa|-|But all you wanna do is the coco|-|Hangin' out with you is a no go|-|Yeah, yeah, straight up|-|Cause you're sweet (sweet, sweet) like cocoa|-|But all you wanna do is the coco (sweet, sweet)|-|Hangin' out with you is a no go (sweet, sweet, sweet)|-|Cause you're sweet|-|Cause you're sweet|-|Sak pase? Wah yah seh?|-|Runnin up, all this cake|-|Bag it up, then come right away|-|When I ask who bigger|-|Ain't tryna argue with ya|-|I'm tryna figure (straight up!)|-|Who you with, who your team?|-|What your side?|-|How you, how you, how you ride (how you ride?)|-|How you use me to survive (straight up!)|-|Yeah, cause we up, lit at five|-|At the crib goin' live, oh so live (yeah)|-|Eric keep the strippers, order V Live|-|Order wings, told em' hold the side|-|Cause you're sweet like cocoa (it's lit)|-|But all you wanna do is the coco (yeah, yeah)|-|Hangin' out with you is a no go, yeah, yeah, (straight up)|-|Cause you're sweet (sweet, sweet) like cocoa|-|But all you wanna do is the coco (sweet, sweet)|-|Hangin' out with you is a no go (sweet, sweet, sweet)|-|Cause you're sweet|-|Cause you're sweet like cocoa|-|But all you wanna do is the coco|-|Hangin' out with you is a no go, yeah, yeah, straight up|-|Cause you're sweet (sweet, sweet) like cocoa|-|But all you wanna do is the coco (sweet, sweet)|-|Hangin' out with you is a no go (sweet, sweet, sweet)|-|Cause you're sweet"
19,Way Back Lyrics,"Woah, yeah boy|-|Woah, yeah boy|-|Woah, yeah boy|-|Don't wet no more|-|I need fake niggas to get way back|-|James Harden with the range on me nigga way back|-|Homie start switchin' lanes, I thought we went way back|-|(Wooo)|-|I can't get no rest (we in the house)|-|I fall asleep with a Tec (rack)|-|Stashin' all the pills in my desk (rack)|-|Wearin' every chain on my neck (we in the house) (come on)|-|I can't get no rest (come on)|-|I ride around with a Tec (champ)|-|Stashin' all the pills in my desk (champ)|-|Wearin' every chain on my neck (go crazy on 'em)|-|Woah, wait|-|It's summer time, why they tryna throw shade?|-|All these wins I can never gold state (yeah)|-|UFC I'm tapping to my old ways (alright)|-|I'm addressing shit like I'm on Waze|-|Showed ya love, ain't show it back in OK|-|Like the girl, that she go both ways|-|Dropped the Rodeo, I dodged a bull like ole|-|Hopped in the Bronco, skrrt off like OJ (yeah)|-|Flew with that sound, nigga, got that Coldplay|-|I be (yeah) makin' mils, made it to our hobbies (it's lit!)|-|Don't bring that to the crib, keep that in the lobbies|-|You never seen the city unless you land at Hobby|-|I'm so loaded off the pills, so don't ever try me|-|So if you see me solo dolo, you know what that mean|-|I need fake niggas to get way back (way back)|-|James Harden with the range on me nigga way back|-|Homie start switchin' lanes, I thought we went way back|-|Whew|-|I can't get no rest (we in the house)|-|I fall asleep with a Tec (rack)|-|If I take a sip, take the rest (rack)|-|Wearin' every chain on my neck (we in the house)|-|I can't get no rest (come on)|-|I ride around with a Tec (champ)|-|Stashin' all the pills in my desk (champ)|-|Wearin' every chain on my neck (go crazy on 'em)|-|(We in the house)|-|Look boy, don't believe what's on your TV|-|Look boy, don't you sit close to your TV|-|Look boy, seeing is believing|-|Look boy, look boy (yeah)|-|Would it be unlawful (yeah)|-|To spend a honeymoon in a brothel|-|And share pics from the camera|-|But they'll be quick to turn that into a scandal|-|I'm down in the Meadows|-|Slidin' down the Waterfall, creep to the ghetto|-|Need my Rio de Janeiro|-|And I'm swimmin' out that bitch|-|Michael Phelps with the medals|-|So visit me (yeah)|-|I just built a castle deep (yeah-yeah)|-|In them trees (yeah)|-|That's how I get them backwoods free (yeah-yeah)|-|This right here some savagery (yeah-yeah)|-|Bend it back from me (yeah-yeah)|-|Way-way back for me (yeah-yeah)|-|Way-way back for me|-|Way-way back for me|-|Way-way back for me|-|Way-way back for me|-|Woah-ohhh-ohhhh-woah"
20,Quintana Lyrics,"One thing these bitches just got you finessing designer (Straight up)|-|Oh my God it's no rental compared, there's no need to remind you|-|Robbed my plug, that nigga wasn't getting me higher (That dope)|-|Oh no no, Oh no no no no no no no|-|Stuck on black as True Religion (Straight up)|-|This that shit that keep you geekin'|-|I been fucked me bout 5 bad bitches this morning|-|And I ain't goin' back unless they horny|-|Oh no no, Oh no no no no no no no|-|(Finessing, finessing)|-|I can't go one day without finessing|-|(Finessing, finessing)|-|Ain't no argument and we straight up finessing|-|(Finessing, finessing)|-|Ain't no argument and we straight up finessing|-|Straight up, straight up|-|Ain't no argument and we straight up finessing|-|Been on that weed with my team|-|Rolling with my team, yeah we all finessing|-|Man here it go, fishcale, A1 perico|-|Fill PJ's up with kilos, then sell it like it's legal|-|Everybody he know could have gotten hit with the rico|-|Caught a couple of charges they was weak though|-|Feds had to let him go in a week or so|-|Still, still need the key to blow, whole heap of dough|-|Ran the streets for so long, man the team was so on|-|Damn it seem like so long ago, we had em in Mexico|-|He tryna make a bet, three bricks more|-|The, people always run up on us in Texas though|-|Only by the grace of God they ain't catch though|-|Some lil young nigga with some big dreams|-|Almost on the verge of doing some big things|-|Tryna get a bird since he was sixteen|-|And I ain't playin' around, fifteen more|-|You know a nigga love nice things|-|And the price in the hood is too frightening|-|Them niggas ain't gon' do the right thing|-|Except for me to do my thing|-|(Finessing, finessing)|-|I can't go one day without finessing|-|(Finessing, finessing)|-|Ain't no argument and we straight up finessing|-|(Finessing, finessing)|-|Ain't no argument and we straight up finessing|-|Straight up, straight up|-|Ain't no argument and we straight up finessing|-|Been on that weed with my team|-|Rolling with my team, yeah we all finessing|-|Tell me why she wanna leave me|-|She used me to get high|-|She used me to get higher, higher, higher|-|So tell me why she wanna leave me|-|Ooh, ooh, oohh, ooh, ooh|-|(As the days go on, the southern region of our national anthem, the quest for La Flame, this journey, it's the last days)"
21,A Team Lyrics,"A-Team, A-Team|-|Please don't try to play us|-|A-Team, aw, A-Team|-|Please don't try to play us|-|A-Team, aw, A-Team|-|Call my B up, call Sherita|-|Let's link up, ain't no days off|-|'Less I'm paid off, these niggas play soft|-|We just play ball|-|A-Team, won't you sign up|-|Join my roster, you a scholar|-|A-Team, know you ready|-|My right hand steady, coach you if you let me|-|A-Team, got that A1|-|A1 steak sauce, aw can't take loss|-|A-Team, join my FIFA|-|Roll my weed up, keep my D up|-|Aw, A-Team|-|Ooh, ooh, ooh, ooh, ooh|-|A-|-|When I back off the curb|-|In back of the back the Batmobile heard|-|I'm back on alert|-|I'm back what's the word, I'm back what's the word|-|I'm back in the third|-|They back on my mind they back on my nerves|-|Can't take back the time so I'm back, back, back spending|-|I'm back on the splurge, I'm back on the splurge|-|They jump when I jump out then jump in and swerve swerve|-|It's halftime gon' show that, yeah, yeah, yeah, yeah|-|I'm a dog you know that|-|Can't be from New Jersey how you throw back|-|A-Team, A-Team|-|Please don't try to play us|-|A-Team, aw, A-Team, A-Team|-|Please don't try to play us|-|A-Team, aaaw"
22,Outside Lyrics,"All my niggas outside|-|Ain't goin' in|-|We been hangin' outside|-|Ain't goin' in|-|Yeah, yeah, yeah|-|Yeah, yeah automatic|-|Yeah always got it on me baby, automatic, yeah|-|Where I'm at is static, but it ain't got traffic, yeah|-|Push up on me, them boys make you do a backflip|-|Balance on the beam, yeah balance on the beam, yeah|-|Do some shit I've never seen|-|Won't you come out with the team, yeah|-|Yeah, you might just win a ring, yeah|-|Why they home on they homescreens?|-|All my niggas outside|-|Ain't goin' in|-|We been hangin' outside|-|Ain't goin' in|-|We been hangin' outside, goin' in|-|Outside not goin' in|-|Pull up in a lambo or just with the Benz|-|Checkin' out, never checkin' in|-|We been outside, not goin' in|-|Hope you had a mattress when you sleepin' on me|-|Hope you got some backup if you creepin' on me|-|Cause just last week I rest in peace'd a homie|-|Why you do it? Why you switch up?|-|Was it for the image or for the pictures?|-|You always seem to show up when I'm at the mixes|-|Cause you know I'm not myself when I'm off the liquor|-|Off the lean, it's always better off the lean|-|All my niggas outside|-|Ain't goin' in|-|We been hangin' outside|-|Ain't goin' in|-|All my niggas outside|-|21, 21, 21, 21|-|All my niggas outside, pillow talkin' sneak dissin'|-|Get a nigga jaw wide|-|Beat you baby mama throat so long she say her jaw's tired|-|Young Savage get a nigga whacked cause I got mob ties, I'm a wise guy|-|All my niggas in the field|-|I'm draped in that Biani, I ain't got a deal|-|Slaughter Gang and PDE, we killin' shit for real|-|10 bad bitches, suckin dick and eatin' pills|-|And I keep that Tommy nigga, and I ain't talkin' Hil|-|And I be on mud, I get mad if it spill|-|Bitch, I know your baby daddy probably wanna kill|-|I'm a real nigga, fuck niggas can't feel|-|Plus I get inside that bowl and skurt, skurt, skurt|-|Hit it from the back pull up her skirt|-|I just copped that Bentley truck I skurt, skurt, skurt|-|Bitch, I'm outside on the percs, percs, percs|-|All my niggas outside|-|Ain't goin' in|-|We been hangin' outside|-|Ain't goin' in|-|All my niggas outside"
23,Nightcrawler Lyrics,"Did you have the time of your life|-|Let's have the after party at my place|-|Do you have some spare change|-|On me I've got hundreds I'll throw in your face|-|Yeah, order more bottles, order more models|-|Order more hours, shots on an island|-|Hotter than the summer, the winter couldn't chill me|-|Young free and wildin', order more kidneys|-|Dope, I sold dope|-|All these hotties wildin' on the floor|-|And we're stuntin', know you see the GLO|-|Girl these hundreds, thought I'd let you know|-|Since LA, I've been puttin' on|-|Cirque De Soleil, I've been puttin' on|-|I got this money, tell me what you want|-|For this money, can you drop it low?|-|Yeah, order more bottles, order more models|-|Order more hours, shots on an island|-|Hotter than the summer, the winter couldn't chill me|-|Young free and wildin', order more kidneys|-|When the night calls, oooh|-|When the night calls, oooh|-|Yeah, order more bottles, order more models|-|Order more hours, shots on an island|-|Hotter than the summer, the winter couldn't chill me|-|Young free and wildin', order more kidneys|-|Freaks come out at night|-|We bring our fantasy to life|-|Point me to the ice|-|And I don't need your drank, high off life|-|Someone kill the lights|-|I brought the party favors, just get piped|-|All my bitches right|-|But I want you and you tonight|-|Yeah, order more bottles, order more models|-|Order more hours, shots on an island|-|Hotter than the summer, the winter couldn't chill me|-|Young free and wildin', so order more kidneys|-|When the night calls|-|All the money, all the hoes and the alcohol|-|All these hundreds and these thousands I'ma spend it all|-|Always when the night calls|-|When the night calls|-|We want money, we want hoes we want alcohol|-|All these hundreds and these thousands I'ma spend it all|-|Always when the night calls|-|Aye, walked up in the bank, ordered me some funds|-|Walked in the strip club, order me some ones|-|I walked up in a gun store, order me some guns|-|Your bitch walked up in the spot and she ordered me for lunch|-|I just ordered me some brunch, curry and spicy garlic|-|Bitch I come from eating McDonald's|-|Girl you know I'm from the projects|-|I'm a G I come through ma like Wu-T-A-N-G we come through wildin'|-|I ain't chillin, Caesar with the chopper, boy you don't blow no poles, I know|-|I got me some angles|-|I got me some money for|-|I got me some haters|-|I got me some feds, I got me some cake|-|I got me some UPS, I got me a freight|-|Order some more money, order some more money|-|Order some more molly, order some more bottles|-|Order some more bitches, order some more money|-|I know you want to be rich, bitch|-|When the night calls|-|All the money, all the hoes and the alcohol|-|All these hundreds and these thousands I'ma spend it all|-|Always when the night calls|-|When the night calls|-|We want money, we want hoes and the alcohol|-|All these hundreds and these thousands I'ma spend it all|-|Always when the night calls|-|When the night calls|-|All the money, all the hoes and the alcohol|-|All these hundreds and these thousands I'ma spend it all|-|Always when the night calls|-|When the night calls|-|We want money, we want hoes, we want alcohol|-|All these hundreds and these thousands I'ma spend it all|-|Always when the night calls"
24,Love Galore Lyrics,"I need, I need|-|I need, I need|-|I need, I need|-|I need, I need|-|I need, I need|-|Love, love, love, love|-|'long as we got|-|Love, love, love|-|'long as we got|-|Done with these niggas|-|I don't love these niggas|-|I dust off these niggas|-|Do it for fun|-|Don't take it personal|-|Personally, I'm surprised you|-|Called me after the things I said|-|Skrrt, skrrt on niggas|-|Skirt up on niggas|-|Skirt down, you acting like me|-|Acting like we|-|Was more than just some old fling|-|I said farewell|-|You took it well|-|Promise I won't cry over spilled milk|-|(Ooh no, I won't)|-|Gimme a paper towel|-|Gimme another valium|-|Gimme another hour or two|-|Hour with you|-|Why you bother me when you know you don't want me?|-|Why you bother me when you know you got a woman?|-|Why you hit me when you know you know better?|-|Know you know better|-|Know your crew better than you do|-|Call me looking for ya (yeah)|-|I be looking for ya (yeah)|-|Got me looking forward to weekends|-|With you baby|-|With you baby|-|With you baby|-|With you|-|We do whatever we want|-|Go wherever we want|-|Love however we want|-|It don't matter|-|You'll do whatever I want|-|Get whatever I want|-|Get whatever I need|-|It's about|-|Love, love, love, love|-|'long as we got|-|Love, love, love|-|'long as we got|-|Should've never gave you my number|-|I did it with you|-|Should've never let you hit it|-|I split it with you|-|I regret it|-|You gots a fetish|-|You gots a problem|-|Now it's a problem, oh no|-|Skrrt, skrrt on bitches|-|Don't know these bitches|-|Dig dirt on bitches|-|Do it for fun|-|Don't take it personal baby|-|Love 'em all lately|-|Luh love to my ladies|-|Dated a few|-|Why you bother me?|-|Why you bother me?|-|Why you bother me?|-|Last time I checked you were the one that left|-|Me in a wreck, me in a mess|-|You all I rep, like my side I rep|-|That's that Mo city|-|That side that you can't come 'round at night, yeah|-|You like to get me high|-|You don't want no one beside ya|-|You like when I make fire|-|You say La Flame can make you fly, yeah (make you fly, yeah)|-|Let me cum inside ya|-|Let me plant that seed inside, yeah|-|Ass and titties, titties|-|Only thing that stuck with me, with me|-|Only thing that was real|-|Only thing I could feel, you feel me? (feel me)|-|So why you bother me, why you bother me?|-|Tryna catch a P.O.V (tryna catch a P.O.V, nah)|-|Oh, love, love, love, love|-|'long as we got|-|Love, love, love|-|'long as we got|-|We got|-|Oh, I came to your city|-|Lookin' for lovin' n licky|-|'Cause you promised to put it down|-|All up in your city, lookin' for you oh|-|Searchin' for your light, oh|-|Only thing keeping me from jumpin' you right now|-|Right now, love|-|Only thing keepin' me by your side|-|Only thing keepin' me by your side now"
25,Sky Walker Lyrics,"Quick to dead the bull like a matador|-|Quick to dead the bull like a matador|-|Bull, bull, bull like a matador|-|Quick to dead the bull like a matador|-|Captain is still, catch a wave, roll us (splish)|-|Take a shot, make a friend, just enjoy the moment|-|I'm Luke Skywalkin' on these haters (splish)|-|Celebrate every day like a birthday|-|Good things come to those that wait up (splish)|-|But don't wait to jump in too long|-|Don't sleep, you gotta stay up (splish)|-|Don't, don't sleep, you gotta stay up|-|Yeah, yeah, yeah|-|I'm outstandin' so I stand out (stand out)|-|I'm more bathed than a bathhouse|-|Top Gun, on my Tom Cruise|-|I play for keeps and I don't lose|-|You're gonna love it 'cause you're cool as a breeze (cool as a breeze)|-|So pick a poison, yeah, I got what you need (got what you need)|-|Nonchalant, got the green on rotation|-|All night, we gon' keep it psychedelic like a.|-|Captain is still, catch a wave, roll us (splish)|-|Take a shot, make a friend, just enjoy the moment|-|I'm Luke Skywalkin' on these haters (splish)|-|Celebrate every day like a birthday|-|Good things come to those that wait up (splish)|-|But don't wait to jump in too long|-|Don't sleep, you gotta stay up (splish)|-|Don't, don't sleep, you gotta stay up|-|Yeah, yeah|-|Wildin' on my haters (yah, hey)|-|In my 23s, havin' a Jordan moment|-|Wildin' with the paper (it's lit)|-|Ice all on my chain, I'ma (let me pretend to say ya)|-|I just popped two, I'll be stayin' up (yeah, yeah)|-|Hangin' with the gang, that shit dangerous, yeah|-|I can fuck you with my chain, you should take a look, yeah, yeah|-|Come and catch a wave, take one out my cup, yeah|-|Damn near OD'd (OD'd)|-|Damn the police, woah (hey)|-|WIldin' in SV, yeah (hey)|-|Movin' up your street, yeah (straight up)|-|When we on the creek|-|And bring sand to the beach (alright)|-|Ain't no day, ain't no night|-|Made no plans, ain't no sleep|-|Yeah, yeah|-|Captain is still, catch a wave, roll us (splish)|-|Take a shot, make a friend, just enjoy the moment|-|I'm Luke Skywalkin' on these haters (splish)|-|Celebrate every day like a birthday|-|Good things come to those that wait up (splish)|-|But don't wait to jump in too long|-|Don't sleep, you gotta stay up (splish)|-|Don't, don't sleep, you gotta stay up|-|I was vivid, but I'm better now (hey)|-|All gains I've been wrappin' up (hey)|-|Quick to dead the bull like a matador (hey)|-|Right now I'm higher up than Canada (hey), oh|-|Captain is still, catch a wave, roll us (splish)|-|Take a shot, make a friend, just enjoy the moment|-|I'm Luke Skywalkin' on these haters (splish)|-|Celebrate every day like a birthday|-|Good things come to those that wait up (splish)|-|But don't wait to jump in too long|-|Don't sleep, you gotta stay up (splish)|-|Don't, don't sleep, you gotta stay up, oh|-|(Shalalala)|-|Got the baes lookin' at me like it's dinnertime (lalalala)|-|I know she vegan, but she want the steak tonight, yeah (shalalala)|-|And I smile like a saint with a sinner's mind (lalalala)|-|Baby roll it, lick it, love it, daddy blow your mind|-|Shotgunnin', takin' shots now|-|Conversation flowin'|-|Left off, we in the clouds now|-|Laughin' in the moments|-|First you put the work in 'til it works out (ohohoh)|-|Work it out 'til it's turnt out, yeah"
26,No Sense Lyrics,"Yeah, yeah|-|It don't make no sense unless I'm doing it with you|-|It don't make no sense unless I'm doing it with you|-|(Alright)|-|The sun don't set the same as you're watching it go down with me|-|And I won't sleep the same unless you're waking up in here with me|-|Oh, my heart's a vacant house when you're gone away, it's so empty|-|And love don't make no sense when it's empty (Oh no)|-|I've driven almost every car|-|It ain't the same when I'm without you, boo|-|Been around a million stars|-|None of 'em shine brighter than you|-|The sky be so dark now without you|-|Yeah, ooh, baby|-|It don't make no sense unless I'm doing it with you|-|It don't make no sense unless I'm doing it with you|-|Oh been around the world ain't the same without you|-|It don't make no sense unless I'm doing it with you|-|Focus ain't the same if the picture ain't got you in it|-|In every limelight|-|Emotions ain't the same if it ain't about you, I don't get it|-|Ever since the beginning now|-|You had that effect on me|-|All I wanna do is you, oh|-|I mean that so literally|-|Don't nobody go harder than you|-|All of the angels must be lonely now, without you, woah|-|It don't make sense, no|-|It don't make no sense unless I'm doing it with you|-|Cause I'm doing it with you baby|-|It don't make no sense unless I'm doing it with you|-|I only want to hear your voice, yeah|-|Oh, been around the world, ain't the same without you|-|Had to find out the hard way|-|It don't make sense, no|-|It don't make no sense unless I'm doing it with you|-|(Going way up, way up)|-|It don't make no sense unless I'm doing it with you|-|(Way up, way up, way up)|-|(Yeah, slow down stay up, stay up, stay up)|-|It don't make no sense unless I'm doing it with you|-|Time and time again I break a plan|-|Without you girl I ain't the man|-|Could never be all I could be|-|You overstand, I'm incomplete|-|Apparently, you gotta know I hate that|-|How am I supposed to take that?|-|Boo'd up, missing all of that|-|Gotta be laying in that|-|Rolled up, put a flame to that|-|Couple times you would made it back, be patient|-|Won't you pull up to me now, I'm forever young|-|It's amazing|-|I don't want to sleep unless you at home|-|It don't make sense, no|-|It don't make no sense unless I'm doing it with you|-|No, It don't make sense|-|It don't make no sense unless I'm doing it with you|-|No, it don't make sense, it don't make sense|-|It don't make no sense unless I'm doing it with you|-|(Alright, yeah, alright)"
27,Know No Better Lyrics,"Yeah (straight up)|-|Ooh|-|Wrist look like it been dipped|-|Dipped in that, dipped in that, dipped in that|-|Script look like it been flipped|-|Flippin' that, flippin' that, flippin' that (yah)|-|Pull up in that foreign, my God (skrrr, skrrr)|-|Whole squad get in that, get in that|-|Please say it ain't true, I had to go and cop two|-|Hell nah, we can't fit in that|-|Wild ones, like we fresh out the cage|-|Showtime, baby, fresh off the stage|-|Bad lil mama, fresh off the page|-|Front like you love, but you know that you hate it (you hate it)|-|Yeah, you know no better|-|Yeah, you know no better (yah, yah)|-|Yeah, you know no better|-|Ooh|-|Yeah, you know no better|-|Say you different, who you kidding?|-|Yeah, you know no better|-|Ooh, save that talk for the ones who don't know no better|-|'Cause baby I know you better ('cause baby I know no better)|-|Baby, I know you better (baby, I know)|-|Baby, I know you better|-|Baby, I know you better|-|Straight up|-|Baby, I know you better|-|Baby, I know, I know no better|-|Top dropped off on my whip|-|Wippin' that, wippin' that, wippin' that|-|Yellow and that purple on mix|-|Mixin' that, mixin' that, mixin' that (yeah)|-|Copped my bitch from the tropics (yeah)|-|You know where she sitting at|-|Taking shots, pouring bottle after bottle after bottle|-|Hell nah, we ain't sipping that|-|Wild ones, like we fresh out the cage|-|Showtime baby, fresh out the stage|-|Bad lil' mama, fresh off the page|-|Front like you love it, but you know that you hate it|-|Yeah you know no better (no better)|-|Yeah you know no better|-|Yeah you know no better, ooh|-|Yeah, you know no better|-|Say you different, who you kidding?|-|Yeah, you know no better|-|O-oh, save that talk for the ones who don't know no better|-|'Cause baby I know you better|-|Cause baby I know no better|-|Baby I know you better (Baby I know)|-|Baby I know you better|-|Baby I know you better|-|Baby I know you better|-|Baby I know, I know no better|-|Quavo!|-|Drop top on the whip (drop top)|-|Dab of ranch on the chips (dab)|-|Ice cream gave her chills (ice cream)|-|Too much cash pay the bills|-|I make her ride Mercedes (skrr skrr)|-|I can afford the latest|-|Baby ignore the ratings (ignore 'em)|-|Cause pull up, we pump up, we raging|-|We know no better (no)|-|Stack my bread up (stack)|-|Don't get fed up (nope)|-|Ain't gonna let up (yeah)|-|You told me to shut up (shut up)|-|But I'ma do better (huh?)|-|It's not my race (woo!)|-|Get out my face (get out)|-|Drop my case (drop it)|-|Which way? (where?)|-|Dat way|-|Yeah, you know no better|-|Say you different, who you kidding?|-|Yeah, you know no better|-|O-oh, save that talk for the ones who don't know no better|-|'Cause baby I know you better|-|Baby I know you better (straight up)|-|Baby I know you better|-|Baby I know you better|-|Baby I know you better|-|Baby I know, I know no better"
28,Woo Lyrics,"(Woooo|-|Woo, woo, woo, yeah|-|Woo, woo, woo|-|Aw yeah, aw yeah, aw yeah)|-|I bet she could never made you cry|-|'Cause the scars on your heart are still mine|-|Tell me that she couldn't get this deep|-|She can almost be the worst of me (yeah yeah)|-|Too bad she's just eating off your dreams|-|Let me know when you're ready to bleed|-|Baby you just need to send for me|-|Send for me|-|Send for me|-|Send for me-e-e-e (woo)|-|Send for me|-|(Woooo|-|Woo, woo, woo, yeah|-|Woo, woo, woo|-|Aw yeah, aw yeah, aw yeah)|-|I've been thinking 'bout you late at night|-|I've been thinking only of you|-|Ain't nothing else to really talk about|-|Boy show me what you want to do|-|These days you've been feeling lonely|-|Yeah, I've been feeling lonely too|-|I'ma fuck it up, won't you show me some|-|Run it back like you owe me some|-|Woo, woo, yeah (feel me up, feel me up)|-|Woo, woo, yeah (feel me up, feel me up)|-|Woo, woo (feeling me, feeling me, feeling me up)|-|(Aw yeah, aw yeah, aw yeah) Tell me 'bout your picture perfect love|-|Tell me how you think without the drugs|-|Maybe you just need to send for me|-|I don't mean to really love ya|-|I don't mean to even care about ya|-|I don't mean to really love ya|-|I don't mean to really care about ya, no more (no more)|-|I don't mean to really care about ya, no more (no more)|-|I don't mean to really care|-|(About ya, no more) Send for me|-|Send for me|-|Send for me-e-e-e (woo)|-|Send for me|-|Woo (feel me up, feel me up)|-|Woo, woo, yeah (feel me up, feel me up)|-|Woo, woo, yeah (send for me, send for me, send for me, send for me)|-|Aw yeah, aw yeah, aw yeah|-|(Woo) I don't mean to really love ya|-|I don't mean to even care (woo) about ya|-|I don't mean to really love ya|-|I don't mean to really care (woo) about ya, no more|-|No more, I don't mean to really care about ya, no more|-|I don't mean to really care about ya, no more|-|(Aw yeah, aw yeah, aw yeah)|-|(Aw yeah, aw yeah, aw yeah)"
29,Close Lyrics,"30, you a fool for this one|-|Oh, C-L-O-S-E|-|Ear Drummers|-|Mike WiLL Made-It|-|One rope in the chain, yeah|-|Lightin' propane, yeah|-|Dousin' the flame, yeah|-|Bounce for some change, yeah|-|Gang can't be tamed, yeah,|-|Ice in our veins, yeah|-|Somethin' feels strange|-|This cup is dangerous|-|Somethin' ain't right, dawg (yeah)|-|We in too easy (yeah)|-|Been here all night, dawg|-|Really, I'm tweakin', yeah (it's lit)|-|Lookin' to pipe some, ass in the party,|-|Look like a pageant (pop it)|-|If we gon' fight some,|-|Beat it and dash it, lawyer do magic (alright)|-|Lowrider, my avenue (ooh)|-|But that truck's not up my avenue (no)|-|You cried and said, ""Look what you made me do""|-|(You made me do)|-|It's not my fault that I don't wanna end up screwed (screwed)|-|And everything I'm tryna say, you beat me to it (to it)|-|And all the ups and all the downs, we have been through it|-|(Through it)|-|Now you're C-L-O-S-E|-|(You're too close)|-|You're too C-L-O-S-E to me|-|(You're so close)|-|C-L-O-S-E|-|(It's ruined)|-|You're so C-L-O-S-E to me|-|C-L-O-S-E to me|-|(It's ruined)|-|I mean, seriously, can I breathe?|-|C-L-O-S-E|-|You're so C-L-O-S-E to me|-|You're too C-L-O-S-E to me|-|(Yeah, C-L-O-S-E)|-|You're so C-L-O-S-E (yeah) (Jxm, ayy)|-|You know I'm a dog and I can't control it|-|Wanna settle someday but not at the moment|-|I'ma stack up the cake like Obama told me|-|Niggas smile in your face and they're not your homie (too close)|-|Makin' me claustrophobic|-|Bust down the AP and wet the Rollie|-|Stop callin' me ""brother,"" you barely know me|-|Don't tell me you love me, you gotta show me|-|(Show me you love me)|-|I'm so anti (Jxm), gotta get paid to go outside (woo)|-|Blowin' on the strong like ""How High"" (blowin' on strong)|-|Haters still watch from the sideline (haters still watchin')|-|Sremm and La Flame on the incline (incline)|-|Mixin' up brands, it's drip time (drip)|-|Stuck to the plan, had to get mine (get mine)|-|Stayed down and it paid off big time|-|So many, so many tries|-|You only get so many, so many tries|-|So many, so many tries|-|You only get so many, so many tries|-|So many, so many tries|-|You only get so many, so many tries|-|So many, so many tries|-|You only get so many, so many tries|-|C-L-O-S-E (ooh)|-|You're so C-L-O-S-E to me (you know)|-|C-L-O-S-E to me|-|(You made me do)|-|I mean, seriously, can I breathe? (Ooh)|-|C-L-O-S-E (through it)|-|You're so C-L-O-S-E to me (through it)|-|You're too C-L-O-S-E to me|-|(You're too close)|-|You're so C-L-O-S-E|-|(You're so close)"
30,Portland Lyrics,"Murda on the beat, so it's not nice|-|Yeah|-|It's all Habibis ting, ya?|-|Yeah, my side girl got a 5S with the screen cracked|-|Still hit me back right away, better not never hesitate|-|Don't come around thinkin' you gettin' saved|-|Tryna show the dogs brighter days|-|Got a torch, tryna light the way|-|Bitin' everybody, which is ironic 'cause your next album probably won't ever see the light of day|-|Have fans but you let 'em down|-|But I guess that's how you niggas gettin' down|-|I'm so high up I'm like, ""How is niggas really gettin' down?""|-|I could never have a kid, then be out here still kiddin' around|-|Boys playin' around, where you really wanna take it now?|-|I got a hundred fifty thousand dollars for an after party|-|And I gave it to the killas just to break it down|-|Bring us up, I never take us down|-|But if you bring me up, then they might take you down|-|Fake fuck with me back then|-|But it's gettin' hard for you to fake it now|-|Fuck bein' rich when I'm forty, man, I'm tryna make it now|-|Hell nah|-|Never let these niggas ride your wave|-|Nope, no way, nah|-|Never let these niggas ride your wave|-|Nope, no way, nah|-|Park the Benz just to the ride the Wraith|-|Skrrt, skrrt|-|Ten million dollars, gotta hide the safe|-|Skrrt, skrrt, oh|-|Michael Phelps with the swim moves|-|Skrrt, skrrt, oh|-|Michael Jordan with the tennis shoes|-|Skrrt, Skrrt|-|(Quavo) Young nigga, I invented you|-|Ike Turner with the left hand|-|Griselda Blanco with the trap moves|-|Gangland with the right hand|-|Undertaker with the tattoos|-|Never listen to the class rules|-|Switch it up would be the last move (Let's go!)|-|I'm a magnet for bad bitches (magnet)|-|You got the going out sad bitches|-|I spent a fifty on the chain (racks)|-|You spent your last fifty (ugh, cash)|-|I got the keys to the streets (keys)|-|You got the key to defeat (defeated)|-|I got the keys to the warzone (brrrapt)|-|You got the key to the bees (ugh)|-|Hell nah|-|Never let these niggas ride your wave|-|Nope, no way, nah|-|Never let these niggas ride your wave|-|Nope, no way, nah|-|Park the Benz just to ride the Wraith|-|Skrrt, skrrt|-|Ten million dollars, gotta hide the safe|-|We gon' go live, we gon' go live, yep|-|We gon' go live, we gon' go live, yep|-|Gettin' loose, off the Henny rock, and a hint of Goose|-|Ocean deep in my swimmin' pool|-|Throwin' Dead Prez in my livin' room|-|Takin' shots, feelin' bulletproof|-|Flood my rollie, told my bitch, ""Let's go snorkelin'!""|-|Out in Portland, tryna get in her organs|-|No, I did not sign with Jay, but I still send a Tidal wave|-|(Yeah) I might just go get the fade|-|Buy the du-rag and just tie the waves|-|It's lit at the crib, you could stay|-|Me and Drake kick like Kid N' Play|-|The way that she servin' that cake, I gotta sit back and digest|-|I guess, fuck the fuck-shit, I'm biased|-|I mix, double the cup when I'm stressed|-|Got my momma out the basement|-|That's a different type of face lift|-|Free Max B out the bracelets|-|Don't hit us askin' what the wave is|-|Hell nah|-|Never let these niggas ride your wave|-|Nope, no way, nah|-|Never let these niggas ride your wave|-|Nope, no way, nah|-|Park the Benz just to the ride the Wraith|-|Skrrt, skrrt|-|Ten million dollars, gotta hide the safe|-|Skrrt, skrrt, oh|-|Michael Phelps with the swim moves|-|Skrrt, skrrt, oh|-|Michael Jordan with the tennis shoes|-|Skrrt, Skrrt, oh|-|Michael Phelps with the swim moves|-|Skrrt, skrrt, oh|-|Michael Jordan with the tennis shoes"
